preset,type,scene_id,psnr,ssim,latency_ms
gopro32,low,00002,nan,nan,4096.3464680000925
gopro32,low,00008,nan,nan,779.6908320001421
gopro32,low,00010,nan,nan,842.9461320001792
gopro32,low,00013,nan,nan,794.45021000015
gopro32,low,00018,nan,nan,775.6619270001011
gopro32,haze,00002,13.23934004803986,0.7160211205482483,791.2300299999515
gopro32,haze,00008,nan,nan,782.3622539999633
gopro32,haze,00010,nan,nan,789.3119679999927
gopro32,haze,00013,nan,nan,792.9098439999507
gopro32,haze,00018,nan,nan,788.8785799998459
gopro32,rain,00002,nan,nan,808.3963599999606
gopro32,rain,00008,nan,nan,799.1049360000488
gopro32,rain,00010,nan,nan,790.214227999968
gopro32,rain,00013,nan,nan,786.1392270001488
gopro32,rain,00018,nan,nan,789.0284229999907
gopro32,snow,00002,nan,nan,783.2956560000639
gopro32,snow,00008,nan,nan,771.9390600000224
gopro32,snow,00010,nan,nan,796.6878219999671
gopro32,snow,00013,nan,nan,773.7491259999842
gopro32,snow,00018,nan,nan,817.2549640000852
gopro32,low_haze,00002,12.479586898940918,0.5629927515983582,778.7575419999939
gopro32,low_haze,00008,nan,nan,787.4157960000048
gopro32,low_haze,00010,nan,nan,780.0368809998872
gopro32,low_haze,00013,nan,nan,784.153637999907
gopro32,low_haze,00018,nan,nan,787.9206410000279
gopro32,low_rain,00002,nan,nan,783.2930150000266
gopro32,low_rain,00008,nan,nan,775.0627390000773
gopro32,low_rain,00010,nan,nan,793.029617000002
gopro32,low_rain,00013,nan,nan,780.4946050000581
gopro32,low_rain,00018,nan,nan,763.7054489998718
gopro32,low_snow,00002,12.60334056930141,0.41626545786857605,780.7960330001151
gopro32,low_snow,00008,nan,nan,768.8343090001126
gopro32,low_snow,00010,nan,nan,778.5268180000458
gopro32,low_snow,00013,nan,nan,760.1337450000756
gopro32,low_snow,00018,nan,nan,782.0276110001032
gopro32,haze_rain,00002,nan,nan,780.3581719999784
gopro32,haze_rain,00008,nan,nan,799.5658620000086
gopro32,haze_rain,00010,nan,nan,768.5548530000688
gopro32,haze_rain,00013,nan,nan,774.8267529998429
gopro32,haze_rain,00018,nan,nan,785.5921759999092
gopro32,haze_snow,00002,13.241287127432722,0.5946286916732788,779.0884230000756
gopro32,haze_snow,00008,nan,nan,767.2918729999765
gopro32,haze_snow,00010,nan,nan,770.0017049999133
gopro32,haze_snow,00013,nan,nan,785.2411320000101
gopro32,haze_snow,00018,nan,nan,772.7151010001307
gopro32,low_haze_rain,00002,nan,nan,834.8066040000504
gopro32,low_haze_rain,00008,nan,nan,786.8324670000675
gopro32,low_haze_rain,00010,nan,nan,772.5537449998683
gopro32,low_haze_rain,00013,nan,nan,782.094337999979
gopro32,low_haze_rain,00018,nan,nan,766.6068819999055
gopro32,low_haze_snow,00002,nan,nan,767.2372389999964
gopro32,low_haze_snow,00008,nan,nan,767.2958310001832
gopro32,low_haze_snow,00010,11.645737710437981,0.3384993076324463,766.461075000052
gopro32,low_haze_snow,00013,nan,nan,774.9104480001279
gopro32,low_haze_snow,00018,nan,nan,807.7237830000286
gopro64,low,00002,nan,nan,3107.0881050000025
gopro64,low,00008,nan,nan,861.2643080000453
gopro64,low,00010,nan,nan,860.2451639999344
gopro64,low,00013,nan,nan,859.5718110000234
gopro64,low,00018,nan,nan,849.7889040002065
gopro64,haze,00002,15.140846546538523,0.7908272743225098,875.6677619999209
gopro64,haze,00008,nan,nan,870.9411879999607
gopro64,haze,00010,nan,nan,875.1066580000497
gopro64,haze,00013,nan,nan,859.0617879999627
gopro64,haze,00018,16.77053816198532,0.830875039100647,871.282568000197
gopro64,rain,00002,18.618431137290536,0.6830521821975708,876.2706059999346
gopro64,rain,00008,nan,nan,890.2713099998891
gopro64,rain,00010,nan,nan,878.8660210000216
gopro64,rain,00013,nan,nan,863.3314759999848
gopro64,rain,00018,30.30551162907559,0.9582489728927612,873.0269819998284
gopro64,snow,00002,22.983809065701596,0.8691290020942688,879.2389089999233
gopro64,snow,00008,nan,nan,867.822163000028
gopro64,snow,00010,nan,nan,883.2543569999416
gopro64,snow,00013,nan,nan,863.9396270000361
gopro64,snow,00018,21.001068665762375,0.8981484770774841,867.2028880000653
gopro64,low_haze,00002,nan,nan,903.7481709999611
gopro64,low_haze,00008,nan,nan,873.295841999834
gopro64,low_haze,00010,nan,nan,865.030121000018
gopro64,low_haze,00013,nan,nan,866.5526739998768
gopro64,low_haze,00018,nan,nan,896.3519619999261
gopro64,low_rain,00002,nan,nan,919.6368519999396
gopro64,low_rain,00008,nan,nan,878.5088540000743
gopro64,low_rain,00010,nan,nan,889.8372570001811
gopro64,low_rain,00013,nan,nan,925.8784210001068
gopro64,low_rain,00018,nan,nan,901.1310180001146
gopro64,low_snow,00002,nan,nan,880.4395800000293
gopro64,low_snow,00008,nan,nan,859.7669330001736
gopro64,low_snow,00010,nan,nan,899.0151640000477
gopro64,low_snow,00013,nan,nan,882.3574030000145
gopro64,low_snow,00018,nan,nan,874.7805210000479
gopro64,haze_rain,00002,13.898769063517316,0.5964630842208862,863.5800639999616
gopro64,haze_rain,00008,nan,nan,907.2189640000943
gopro64,haze_rain,00010,nan,nan,878.702297000018
gopro64,haze_rain,00013,nan,nan,863.2999159999599
gopro64,haze_rain,00018,16.407989852222084,0.761860728263855,869.9104699999225
gopro64,haze_snow,00002,13.198729464298516,0.6004363894462585,865.9169479999491
gopro64,haze_snow,00008,nan,nan,880.8854730000348
gopro64,haze_snow,00010,nan,nan,872.8452809998544
gopro64,haze_snow,00013,nan,nan,873.0730130000666
gopro64,haze_snow,00018,14.27909097918854,0.7475077509880066,905.2500430000237
gopro64,low_haze_rain,00002,nan,nan,880.9828119999565
gopro64,low_haze_rain,00008,nan,nan,863.7683409999681
gopro64,low_haze_rain,00010,nan,nan,871.8139750001228
gopro64,low_haze_rain,00013,nan,nan,871.792977000041
gopro64,low_haze_rain,00018,nan,nan,872.4071839999397
gopro64,low_haze_snow,00002,nan,nan,875.6766470000912
gopro64,low_haze_snow,00008,nan,nan,863.5443250000208
gopro64,low_haze_snow,00010,nan,nan,882.5186610001765
gopro64,low_haze_snow,00013,nan,nan,857.8560329999618
gopro64,low_haze_snow,00018,nan,nan,859.765459000073
sidd32,low,00002,13.617456151881282,0.6535780429840088,862.3526789999687
sidd32,low,00008,13.169684351863932,0.43871429562568665,833.872471000177
sidd32,low,00010,10.834405812903965,0.4492761492729187,837.0446920000632
sidd32,low,00013,15.17563907431072,0.5262213945388794,832.483615000001
sidd32,low,00018,9.908080981357262,0.4001487195491791,872.6975279998896
sidd32,haze,00002,14.818630433798958,0.6935147643089294,831.2678800000413
sidd32,haze,00008,13.002533930506866,0.4963811933994293,826.831926000068
sidd32,haze,00010,16.50429938139461,0.6633913516998291,829.2214529999455
sidd32,haze,00013,14.964966755589357,0.6597573161125183,816.2246410001899
sidd32,haze,00018,15.408688735872158,0.5951917171478271,826.1174389999724
sidd32,rain,00002,18.230921155247557,0.7387977242469788,824.4093260000227
sidd32,rain,00008,17.553162738923714,0.685431718826294,823.6015359998419
sidd32,rain,00010,19.762293728015354,0.8051108121871948,826.090977999911
sidd32,rain,00013,23.751726543626653,0.8158292770385742,805.7596520000061
sidd32,rain,00018,22.06343406005457,0.8146846294403076,815.791721000096
sidd32,snow,00002,22.321156770166017,0.8392912745475769,828.45149700006
sidd32,snow,00008,20.04355492829086,0.696799635887146,816.9575539998277
sidd32,snow,00010,23.505658978450175,0.8340852856636047,818.9391670000532
sidd32,snow,00013,19.18875756949516,0.7507120370864868,824.1467729999385
sidd32,snow,00018,18.284120432799877,0.7199844121932983,831.3947619999453
sidd32,low_haze,00002,14.314035575689507,0.6185619235038757,828.9959799999451
sidd32,low_haze,00008,11.630490521667278,0.3519735336303711,846.1663670000235
sidd32,low_haze,00010,14.07085082819991,0.46523165702819824,815.8179970000674
sidd32,low_haze,00013,13.866223045441693,0.5243189334869385,825.114289999874
sidd32,low_haze,00018,13.898645986523764,0.40385645627975464,833.4498510000685
sidd32,low_rain,00002,14.744393147248967,0.5882105827331543,827.957324999943
sidd32,low_rain,00008,13.791620962020772,0.4448294937610626,830.091437999954
sidd32,low_rain,00010,17.578683025293294,0.5254006385803223,827.6911430000382
sidd32,low_rain,00013,16.60306035329837,0.4048196077346802,816.976724999904
sidd32,low_rain,00018,13.462554069592041,0.5220829248428345,842.6006110000799
sidd32,low_snow,00002,15.637059546609859,0.5448817610740662,827.7697950002221
sidd32,low_snow,00008,10.649279818776268,0.3224184811115265,834.533416000113
sidd32,low_snow,00010,10.564372188443137,0.39368659257888794,824.8348219999571
sidd32,low_snow,00013,14.197221404737931,0.44250354170799255,822.0810650000203
sidd32,low_snow,00018,13.37228169581194,0.5363770127296448,828.0685970000832
sidd32,haze_rain,00002,13.917374294178153,0.5950387716293335,822.5697489999675
sidd32,haze_rain,00008,13.11340489056158,0.48800185322761536,822.7614779998476
sidd32,haze_rain,00010,12.937503088187444,0.6048867106437683,872.8043920000346
sidd32,haze_rain,00013,12.688241260687805,0.6021691560745239,815.5758339999011
sidd32,haze_rain,00018,15.277365486226769,0.5838446021080017,845.7413780001843
sidd32,haze_snow,00002,13.084784088293073,0.5478945970535278,822.346146999962
sidd32,haze_snow,00008,10.43850490861561,0.44336074590682983,829.2988759999389
sidd32,haze_snow,00010,16.370546983716334,0.6052564382553101,824.9036699999124
sidd32,haze_snow,00013,11.045248627195969,0.570489227771759,821.9335159999446
sidd32,haze_snow,00018,13.742079820372313,0.5420322418212891,824.793998000132
sidd32,low_haze_rain,00002,14.08774165932554,0.5600321292877197,846.1775470000248
sidd32,low_haze_rain,00008,12.717151084233478,0.38208213448524475,819.5136290000846
sidd32,low_haze_rain,00010,14.635293117498911,0.411521315574646,818.0041860000529
sidd32,low_haze_rain,00013,13.440746611097891,0.5220044255256653,825.9697070000129
sidd32,low_haze_rain,00018,14.247396643014309,0.41967323422431946,814.630692000037
sidd32,low_haze_snow,00002,14.068407347545078,0.5497978329658508,818.5155999999552
sidd32,low_haze_snow,00008,9.486991877786501,0.3184157609939575,815.3019189999213
sidd32,low_haze_snow,00010,13.962534291629732,0.3809583783149719,804.2423790000157
sidd32,low_haze_snow,00013,12.269263056593406,0.48138219118118286,843.0642690000241
sidd32,low_haze_snow,00018,14.214375831405395,0.4123535752296448,807.5117739999769
sidd64,low,00002,13.856315764133416,0.6393768191337585,1216.0196290001295
sidd64,low,00008,13.16102330235438,0.3870862126350403,1176.9858479999584
sidd64,low,00010,10.946232445643517,0.4114236533641815,1180.0484279999637
sidd64,low,00013,15.296499709806987,0.5327364802360535,1180.7050750001054
sidd64,low,00018,10.070161622160912,0.363201767206192,1183.9717220000239
sidd64,haze,00002,14.766230027792135,0.6811779737472534,1169.076677000021
sidd64,haze,00008,12.91666898189554,0.4738805294036865,1176.8542830000115
sidd64,haze,00010,16.455136230965298,0.660126805305481,1171.8566629999714
sidd64,haze,00013,14.85148738084023,0.6462256908416748,1169.9392840000655
sidd64,haze,00018,12.241884005573311,0.4358265995979309,1178.5225859998718
sidd64,rain,00002,18.08555465012884,0.7207139730453491,1184.0609659998336
sidd64,rain,00008,16.729163770423522,0.6387264728546143,1176.4362450001045
sidd64,rain,00010,19.134870372199654,0.7826416492462158,1177.2010970000792
sidd64,rain,00013,22.50085456364974,0.791113018989563,1182.6302629999645
sidd64,rain,00018,15.604422765716912,0.658873438835144,1176.4246380000714
sidd64,snow,00002,22.480673103568577,0.8352863788604736,1191.0993379999582
sidd64,snow,00008,19.25883903839212,0.6599175930023193,1186.5187220000735
sidd64,snow,00010,22.65668474092935,0.8152738809585571,1202.148490000127
sidd64,snow,00013,18.93345181081849,0.7572606801986694,1182.227899000054
sidd64,snow,00018,16.94577530950532,0.6484180092811584,1193.0221259999598
sidd64,low_haze,00002,14.301492941174033,0.6110564470291138,1192.269670000087
sidd64,low_haze,00008,11.611392434763692,0.31870609521865845,1191.545270000006
sidd64,low_haze,00010,14.099874866199713,0.42334407567977905,1193.1039959999907
sidd64,low_haze,00013,13.869504079006628,0.5195643305778503,1211.7061289998219
sidd64,low_haze,00018,13.925128988636848,0.3881794214248657,1202.8105750000577
sidd64,low_rain,00002,13.580383624389738,0.5601451396942139,1197.062934000087
sidd64,low_rain,00008,13.804521127162309,0.42048266530036926,1195.9503410000707
sidd64,low_rain,00010,17.443857375978705,0.5107293725013733,1212.0892799998728
sidd64,low_rain,00013,16.771518525422877,0.44112685322761536,1210.3320179999173
sidd64,low_rain,00018,13.601909421284397,0.48104915022850037,1204.798154999935
sidd64,low_snow,00002,15.718880693403513,0.559696614742279,1200.7762530001855
sidd64,low_snow,00008,10.71993540319511,0.299747496843338,1206.6557989999183
sidd64,low_snow,00010,10.734365607391535,0.35286298394203186,1200.351744000045
sidd64,low_snow,00013,14.4504716635637,0.46715018153190613,1209.585597999876
sidd64,low_snow,00018,13.533804418303008,0.4755982756614685,1198.7678230000256
sidd64,haze_rain,00002,13.893725368141418,0.587410032749176,1219.906730000048
sidd64,haze_rain,00008,13.02141335521206,0.4655263125896454,1201.1635309997928
sidd64,haze_rain,00010,12.918150631907173,0.6036421060562134,1194.774458999973
sidd64,haze_rain,00013,10.047694317604009,0.4330044686794281,1193.3985850000681
sidd64,haze_rain,00018,8.854140720402528,0.30051949620246887,1189.3994670001575
sidd64,haze_snow,00002,13.06995882792593,0.5413886904716492,1184.60535600002
sidd64,haze_snow,00008,10.398333602852414,0.4250973165035248,1192.185820000077
sidd64,haze_snow,00010,16.344816865720638,0.604120135307312,1200.8335759999227
sidd64,haze_snow,00013,11.009251986264822,0.567453920841217,1191.8315399998392
sidd64,haze_snow,00018,11.907373961509,0.41400039196014404,1180.0515079999059
sidd64,low_haze_rain,00002,14.151724696513297,0.5723843574523926,1192.426080999894
sidd64,low_haze_rain,00008,12.68912526712348,0.37444645166397095,1191.7013879999558
sidd64,low_haze_rain,00010,14.634533006363643,0.39636337757110596,1189.7189750000052
sidd64,low_haze_rain,00013,13.434867835849982,0.521438717842102,1193.8041329999578
sidd64,low_haze_rain,00018,14.295189074221435,0.41940024495124817,1179.6127889999752
sidd64,low_haze_snow,00002,14.172172974134735,0.5595793128013611,1180.495454000038
sidd64,low_haze_snow,00008,9.482973868502336,0.3185748755931854,1176.625427999852
sidd64,low_haze_snow,00010,13.935330010800637,0.36635538935661316,1177.635933000147
sidd64,low_haze_snow,00013,12.250946637231612,0.48634615540504456,1179.2918470000586
sidd64,low_haze_snow,00018,14.261147795736878,0.4052882790565491,1186.2995040000897
